{
  "albumMetadata": [{
    "title": "Year in Photos 2014",
    "description": "Year in Photos 2014",
    "access": "private",
    "date": {
      "timestampSeconds": "1419307126",
      "formatted": "Dec 23, 2014, 3:58:46 AM UTC"
    },
    "creationTime": {
      "timestampSeconds": "1419307126",
      "formatted": "Dec 23, 2014, 3:58:46 AM UTC"
    }
  }, {
    "title": "02.02.13",
    "access": "private",
    "date": {
      "timestampSeconds": "1359813285",
      "formatted": "Feb 2, 2013, 1:54:45 PM UTC"
    },
    "creationTime": {
      "timestampSeconds": "1359813285",
      "formatted": "Feb 2, 2013, 1:54:45 PM UTC"
    }
  }, {
    "title": "30. Januar 2013",
    "access": "private",
    "date": {
      "timestampSeconds": "1359564355",
      "formatted": "Jan 30, 2013, 4:45:55 PM UTC"
    },
    "creationTime": {
      "timestampSeconds": "1359564355",
      "formatted": "Jan 30, 2013, 4:45:55 PM UTC"
    }
  }]
}